Liam,1985-11-28,0,0.13615877
Noah,1951-09-26,0,0.36790495
William,1978-11-22,0,0.020684009
James,1970-05-18,0,0.49747855
Logan,1981-11-22,0,0.16928525
Benjamin,1993-03-24,0,0.33373492
Mason,1990-04-11,0,0.056415655
Elijah,1977-10-17,0,0.28849158
Oliver,1945-03-11,0,0.35610566
Jacob,1989-08-11,0,0.075779632
Lucas,1960-10-13,0,0.47889363
Michael,1998-07-30,0,0.61224186
Alexander,1946-10-08,0,0.5186717
Ethan,1974-07-21,0,0.68008826
Daniel,1972-04-27,0,0.33364435
Matthew,1997-07-11,0,0.50147067
Aiden,1943-05-19,0,0.76612714
Henry,1980-01-27,0,0.00012782751
Joseph,1959-08-27,0,0.92021454
Jackson,1976-05-24,0,0.10260295
Samuel,1967-02-06,0,0.56660092
Sebastian,1944-08-05,0,0.39620164
David,1942-03-22,0,0.97907106
Carter,1981-07-29,0,0.90969959
Wyatt,1956-08-24,0,0.52622525
Jayden,1962-09-07,0,0.27091879
John,1962-04-14,0,0.061137659
Owen,1942-09-18,0,0.18324951
Dylan,1945-03-16,0,0.99949683
Luke,1948-10-16,0,0.078916146
Gabriel,1995-01-15,0,0.22931434
Anthony,1954-01-24,0,0.97836377
Isaac,1984-06-28,0,0.44993842
Grayson,1982-08-11,0,0.23745161
Jack,1979-02-10,0,0.17939495
Julian,1980-02-17,0,0.55020772
Levi,1975-01-29,0,0.34918757
Christopher,1988-09-11,0,0.18650581
Joshua,1959-09-13,0,0.37606136
Andrew,1992-02-05,0,0.87874765
Lincoln,1992-04-10,0,0.56105342
Mateo,1951-01-01,0,0.48106831
Ryan,1986-08-24,0,0.019516389
Jaxon,1955-08-16,0,0.97080039
Nathan,1946-01-13,0,0.78573937
Aaron,1944-04-27,0,0.49518324
Isaiah,1980-02-23,0,0.9639305
Thomas,1998-05-19,0,0.84872903
Charles,1987-08-29,0,0.6202093
Caleb,1988-01-01,0,0.30506907
Josiah,1945-06-05,0,0.81344546
Christian,1976-09-22,0,0.86150382
Hunter,1978-08-13,0,0.73244086
Eli,1960-01-05,0,0.12181363
Jonathan,1940-06-30,0,0.86348668
Connor,1951-04-03,0,0.61002596
Landon,1960-09-06,0,0.99853818
Adrian,1973-09-17,0,0.11835186
Asher,1945-08-12,0,0.87827931
Cameron,1941-02-21,0,0.46047119
Leo,1982-09-13,0,0.11519758
Theodore,1985-04-11,0,0.7284132
Jeremiah,1944-07-07,0,0.97337894
Hudson,1959-01-09,0,0.30345115
Robert,1958-01-14,0,0.08234459
Easton,1968-01-28,0,0.87317555
Nolan,1965-02-11,0,0.66587547
Nicholas,1963-02-24,0,0.64875818
Ezra,1961-02-08,0,0.82966765
Colton,1993-05-01,0,0.76545485
Angel,1958-03-11,0,0.0075717002
Brayden,1998-04-02,0,0.47996564
Jordan,1985-07-20,0,0.34359419
Dominic,1964-01-07,0,0.58960665
Austin,1976-02-03,0,0.93644063
Ian,1974-04-02,0,0.39344836
Adam,1995-04-11,0,0.99384214
Elias,1962-11-13,0,0.96573893
Jaxson,1971-03-08,0,0.73047032
Greyson,1984-10-18,0,0.74575674
Jose,1984-06-11,0,0.9581126
Ezekiel,1987-09-03,0,0.67917329
Carson,1998-02-20,0,0.001736651
Evan,1964-09-29,0,0.2781676
Maverick,1968-05-16,0,0.070987958
Bryson,1944-09-29,0,0.83248197
Jace,1949-01-16,0,0.66693956
Cooper,1972-01-03,0,0.13982492
Xavier,1977-07-02,0,0.27790132
Parker,1964-01-03,0,0.18321685
Roman,1947-10-07,0,0.25676149
Jason,1956-06-04,0,0.97169473
Santiago,1952-02-06,0,0.96272173
Chase,1979-04-07,0,0.59975244
Sawyer,1944-04-30,0,0.68377855
Gavin,1959-05-10,0,0.98257178
Leonardo,1990-08-16,0,0.086903023
Kayden,1948-10-27,0,0.72439115
Ayden,1966-04-19,0,0.62312014
Jameson,1952-08-16,0,0.40951371
Kevin,1978-06-15,0,0.30991118
Bentley,1954-08-09,0,0.86204062
Zachary,1955-06-18,0,0.25195074
Everett,1977-02-14,0,0.15456451
Axel,1960-04-25,0,0.8610478
Tyler,1997-09-14,0,0.23704357
Micah,1965-10-26,0,0.62301998
Vincent,1999-01-17,0,0.73735499
Weston,1967-03-26,0,0.06603389
Miles,1993-02-07,0,0.2554246
Wesley,1980-05-04,0,0.23761045
Nathaniel,1944-05-22,0,0.18673842
Harrison,1992-11-21,0,0.33084515
Brandon,1948-04-03,0,0.18013802
Cole,1979-11-05,0,0.17463347
Declan,1987-04-09,0,0.7221681
Luis,1995-08-16,0,0.95004427
Braxton,1947-08-16,0,0.80420148
Damian,1996-08-23,0,0.59965142
Silas,1942-11-23,0,0.29492894
Tristan,1972-06-04,0,0.86363982
Ryder,1972-09-01,0,0.90517635
Bennett,1983-02-24,0,0.64258287
George,1950-06-29,0,0.59727535
Emmett,1952-03-14,0,0.8508111
Justin,1948-07-08,0,0.053640005
Kai,1951-10-05,0,0.55264432
Max,1976-01-22,0,0.76850499
Diego,1951-06-05,0,0.50763385
Luca,1988-11-14,0,0.82938313
Ryker,1959-03-08,0,0.26915787
Carlos,1960-05-03,0,0.10891906
Maxwell,1985-09-29,0,0.96527301
Kingston,1998-02-13,0,0.77254979
Ivan,1961-03-15,0,0.5700933
Maddox,1940-06-26,0,0.077005131
Juan,1961-03-05,0,0.37571079
Ashton,1944-09-19,0,0.070045029
Jayce,1996-10-18,0,0.98542317
Rowan,1952-01-01,0,0.27392534
Kaiden,1982-08-03,0,0.72767308
Giovanni,1948-10-19,0,0.68991353
Eric,1941-01-23,0,0.49922903
Jesus,1994-08-09,0,0.37848568
Calvin,1940-01-05,0,0.8331165
Abel,1940-02-19,0,0.87494688
King,1962-03-10,0,0.14290149
Camden,1994-01-01,0,0.66486142
Amir,1974-10-16,0,0.28404835
Blake,1988-08-01,0,0.30845038
Alex,1965-03-15,0,0.34358858
Brody,1954-01-22,0,0.41396118
Malachi,1998-04-07,0,0.30458184
Emmanuel,1972-07-04,0,0.30016018
Jonah,1984-07-01,0,0.83241017
Beau,1997-07-28,0,0.3248406
Jude,1995-07-03,0,0.67551739
Antonio,1988-06-19,0,0.92889331
Alan,1999-01-18,0,0.88807717
Elliott,1966-02-18,0,0.858274
Elliot,1965-11-30,0,0.55787977
Waylon,1946-03-04,0,0.63256767
Xander,1943-02-10,0,0.2612457
Timothy,1958-01-19,0,0.54661879
Victor,1976-05-16,0,0.77556267
Bryce,1972-08-08,0,0.75074364
Finn,1952-11-13,0,0.60509474
Brantley,1981-06-28,0,0.64849903
Edward,1979-05-02,0,0.7468503
Abraham,1973-10-12,0,0.42504782
Patrick,1949-03-05,0,0.64979102
Grant,1945-07-19,0,0.92646505
Karter,1950-10-18,0,0.99916737
Hayden,1958-07-25,0,0.38057003
Richard,1971-08-28,0,0.61791894
Miguel,1955-03-18,0,0.69721767
Joel,1963-11-02,0,0.12028811
Gael,1998-05-28,0,0.88879049
Tucker,1983-06-19,0,0.4864612
Rhett,1976-01-07,0,0.9571815
Avery,1991-01-24,0,0.79850666
Steven,1979-11-07,0,0.60118364
Graham,1970-10-17,0,0.91816631
Kaleb,1960-09-12,0,0.95970597
Jasper,1968-09-05,0,0.82357746
Jesse,1947-09-21,0,0.052164311
Matteo,1959-05-19,0,0.28925734
Dean,1958-08-11,0,0.15225336
Zayden,1953-07-17,0,0.67627436
Preston,1999-01-13,0,0.39170172
August,1989-01-07,0,0.60423341
Oscar,1949-11-09,0,0.62155696
Jeremy,1990-01-02,0,0.37888023
Alejandro,1975-06-27,0,0.35063121
Marcus,1964-10-08,0,0.5433192
Dawson,1992-10-23,0,0.7225412
Lorenzo,1958-05-20,0,0.028887166
Messiah,1948-04-22,0,0.67566952
Zion,1950-04-30,0,0.60113927
Maximus,1949-06-03,0,0.47050352
River,1964-03-12,0,0.40616154
Zane,1946-11-09,0,0.83701595
Mark,1984-11-22,0,0.017213804
Brooks,1991-05-28,0,0.40033388
Nicolas,1942-08-03,0,0.23901133
Paxton,1990-10-07,0,0.94361735
Judah,1967-05-08,0,0.47305605
Emiliano,1942-06-07,0,0.51415154
Kaden,1969-05-18,0,0.8933997
Bryan,1983-04-01,0,0.99353402
Kyle,1972-10-19,0,0.9342661
Myles,1995-11-04,0,0.7466904
Peter,1959-07-11,0,0.35787862
Charlie,1995-01-30,0,0.11472079
Kyrie,1994-01-18,0,0.97061944
Thiago,1941-02-18,0,0.10273901
Brian,1941-07-22,0,0.8601951
Kenneth,1946-03-13,0,0.18643181
Andres,1993-11-05,0,0.61858103
Lukas,1973-06-10,0,0.68480574
Aidan,1979-03-13,0,0.32844991
Jax,1964-09-28,0,0.28933754
Caden,1960-01-18,0,0.16803895
Milo,1963-09-05,0,0.75685337
Paul,1949-03-19,0,0.96518704
Beckett,1949-01-21,0,0.44948469
Brady,1967-07-20,0,0.93268114
Colin,1970-10-06,0,0.95680226
Omar,1964-02-04,0,0.30215057
Bradley,1985-10-08,0,0.14813228
Javier,1950-10-23,0,0.4485261
Knox,1945-06-21,0,0.145194
Jaden,1991-09-28,0,0.94383104
Barrett,1973-07-05,0,0.19755789
Israel,1962-11-28,0,0.92253971
Matias,1952-06-19,0,0.22008143
Jorge,1943-06-28,0,0.10420164
Zander,1944-09-07,0,0.92843415
Derek,1980-05-11,0,0.88734823
Josue,1973-07-25,0,0.97917659
Cayden,1964-11-12,0,0.28250156
Holden,1957-09-21,0,0.64664557
Griffin,1951-08-23,0,0.54037672
Arthur,1975-11-08,0,0.61475995
Leon,1942-01-07,0,0.46657025
Felix,1997-01-24,0,0.67837055
Remington,1950-06-27,0,0.14268454
Jake,1965-06-02,0,0.62658579
Killian,1989-05-07,0,0.40230148
Clayton,1974-06-06,0,0.43231278
Sean,1956-07-14,0,0.95513863
Adriel,1969-02-01,0,0.049187957
Riley,1983-07-15,0,0.33697676
Archer,1964-11-27,0,0.49670822
Legend,1941-06-21,0,0.51329388
Erick,1963-07-27,0,0.8107708
Enzo,1940-09-27,0,0.65264693
Corbin,1960-05-27,0,0.48126829
Francisco,1975-09-09,0,0.82455634
Dallas,1997-07-09,0,0.37706005
Emilio,1975-02-16,0,0.28400122
Gunner,1967-09-09,0,0.43803144
Simon,1970-10-23,0,0.77499777
Andre,1949-09-13,0,0.37513383
Walter,1988-07-24,0,0.74401352
Damien,1964-08-22,0,0.22100674
Chance,1956-11-23,0,0.87852474
Phoenix,1970-09-19,0,0.83553763
Colt,1953-01-04,0,0.37271741
Tanner,1979-06-19,0,0.3458394
Stephen,1941-03-23,0,0.156532
Kameron,1983-09-08,0,0.87837132
Tobias,1974-05-05,0,0.84334383
Manuel,1968-09-07,0,0.51497843
Amari,1999-07-18,0,0.94194446
Emerson,1977-08-15,0,0.20276776
Louis,1988-07-30,0,0.08401956
Cody,1956-08-09,0,0.28148214
Finley,1978-08-26,0,0.97650278
Iker,1940-06-26,0,0.7262661
Martin,1986-01-25,0,0.48017372
Rafael,1971-08-24,0,0.014182849
Nash,1959-09-15,0,0.89549646
Beckham,1941-03-26,0,0.35379849
Cash,1999-01-25,0,0.15387702
Karson,1980-06-02,0,0.32845397
Rylan,1986-08-23,0,0.46443864
Reid,1995-10-27,0,0.3910618
Theo,1981-02-24,0,0.33106328
Ace,1948-01-03,0,0.011408557
Eduardo,1960-09-26,0,0.39368761
Spencer,1983-08-08,0,0.22216593
Raymond,1992-09-01,0,0.9815693
Maximiliano,1982-09-26,0,0.88810508
Anderson,1941-10-21,0,0.88612952
Ronan,1988-05-26,0,0.6018066
Lane,1962-04-22,0,0.95962511
Cristian,1968-01-24,0,0.88402679
Titus,1964-09-06,0,0.96549677
Travis,1985-02-18,0,0.078567089
Jett,1977-03-23,0,0.30411409
Ricardo,1976-11-21,0,0.89633605
Bodhi,1986-02-03,0,0.70261548
Gideon,1994-03-15,0,0.20635801
Jaiden,1964-08-08,0,0.67557998
Fernando,1969-11-10,0,0.97173862
Mario,1983-07-25,0,0.912161
Conor,1994-04-28,0,0.20093324
Keegan,1996-09-26,0,0.75074282
Ali,1973-11-03,0,0.26055068
Cesar,1963-11-22,0,0.221799
Ellis,1989-03-03,0,0.90255265
Jayceon,1951-10-15,0,0.49701601
Walker,1994-07-15,0,0.02077069
Cohen,1992-09-23,0,0.15871957
Arlo,1991-01-20,0,0.35285635
Hector,1976-03-02,0,0.63812607
Dante,1949-06-09,0,0.13744481
Kyler,1974-02-03,0,0.46362436
Garrett,1951-02-02,0,0.31103365
Donovan,1998-05-17,0,0.79597211
Seth,1987-02-18,0,0.27199283
Jeffrey,1993-04-21,0,0.66167056
Tyson,1976-01-15,0,0.62231344
Jase,1995-11-18,0,0.53335043
Desmond,1944-06-15,0,0.034294455
Caiden,1973-05-25,0,0.3243467
Gage,1986-02-05,0,0.087487176
Atlas,1963-02-19,0,0.24630069
Major,1961-11-12,0,0.067372945
Devin,1985-08-09,0,0.72642881
Edwin,1990-05-27,0,0.071062253
Angelo,1960-06-17,0,0.46069815
Orion,1946-07-29,0,0.19723929
Conner,1999-05-14,0,0.82451101
Julius,1962-10-23,0,0.93414857
Marco,1967-11-11,0,0.61011167
Jensen,1982-06-01,0,0.2857897
Daxton,1953-07-05,0,0.030901107
Peyton,1982-06-30,0,0.52862598
Zayn,1954-05-03,0,0.73863107
Collin,1954-02-08,0,0.57564974
Jaylen,1965-01-26,0,0.8239485
Dakota,1995-03-16,0,0.70349431
Prince,1949-09-07,0,0.59099912
Johnny,1961-05-28,0,0.28420484
Kayson,1997-01-28,0,0.10597937
Cruz,1985-03-14,0,0.7383199
Hendrix,1972-11-24,0,0.7412603
Atticus,1951-01-09,0,0.26767299
Troy,1963-10-09,0,0.02926626
Kane,1960-02-06,0,0.36675932
Edgar,1977-03-15,0,0.37712782
Sergio,1981-11-23,0,0.34461603
Kash,1967-07-02,0,0.3673167
Marshall,1995-08-05,0,0.24632665
Johnathan,1956-04-01,0,0.19512505
Romeo,1979-06-29,0,0.31682208
Shane,1951-06-19,0,0.78052642
Warren,1984-09-21,0,0.60764299
Joaquin,1993-07-13,0,0.77579562
Wade,1958-11-30,0,0.79034811
Leonel,1971-01-25,0,0.1652038
Trevor,1940-07-19,0,0.040231422
Dominick,1942-06-13,0,0.79919014
Muhammad,1991-05-08,0,0.56108892
Erik,1991-03-02,0,0.42815222
Odin,1977-06-10,0,0.010397387
Quinn,1993-10-27,0,0.14911887
Jaxton,1967-08-29,0,0.54135996
Dalton,1995-10-16,0,0.3442805
Nehemiah,1941-07-12,0,0.68291841
Frank,1965-06-13,0,0.63685426
Grady,1955-10-12,0,0.22290956
Gregory,1976-09-05,0,0.062727312
Andy,1993-06-01,0,0.060822939
Solomon,1948-08-14,0,0.4665206
Malik,1941-08-01,0,0.69847182
Rory,1966-05-23,0,0.70546774
Clark,1983-06-11,0,0.30614408
Reed,1960-02-03,0,0.60268909
Harvey,1964-10-11,0,0.87269485
Zayne,1959-06-30,0,0.37243434
Jay,1957-04-21,0,0.80184947
Jared,1990-09-26,0,0.12499995
Noel,1980-10-10,0,0.33855927
Shawn,1953-07-06,0,0.23810439
Fabian,1987-01-26,0,0.66553666
Ibrahim,1941-01-10,0,0.54673149
Adonis,1953-05-07,0,0.18223901
Ismael,1981-10-25,0,0.31683609
Pedro,1989-03-22,0,0.047438436
Leland,1970-10-20,0,0.71647272
Malakai,1944-11-19,0,0.9880686
Malcolm,1974-07-27,0,0.1292329
Alexis,1977-06-21,0,0.65753827
Kason,1992-10-29,0,0.76154115
Porter,1976-11-26,0,0.96478177
Sullivan,1955-01-24,0,0.61446787
Raiden,1982-07-03,0,0.81109315
Allen,1980-09-06,0,0.73945586
Ari,1994-08-12,0,0.10868364
Russell,1956-09-10,0,0.55158782
Princeton,1940-11-22,0,0.88641923
Winston,1961-09-30,0,0.77230444
Kendrick,1976-06-08,0,0.89459777
Roberto,1971-07-24,0,0.33981492
Lennox,1977-07-23,0,0.91662759
Hayes,1949-03-24,0,0.60565481
Finnegan,1950-04-17,0,0.17664758
Nasir,1950-06-01,0,0.52209749
Kade,1997-05-25,0,0.73763863
Nico,1947-09-10,0,0.53162172
Emanuel,1965-06-25,0,0.35096537
Landen,1960-04-18,0,0.92413675
Moises,1983-08-09,0,0.44222193
Ruben,1957-02-05,0,0.48550519
Hugo,1952-09-04,0,0.73289292
Abram,1992-08-17,0,0.24366105
Adan,1978-11-04,0,0.53023436
Khalil,1981-07-02,0,0.75169028
Zaiden,1951-07-01,0,0.40172316
Augustus,1968-02-07,0,0.91792859
Marcos,1968-01-08,0,0.9285595
Philip,1953-03-06,0,0.18068141
Phillip,1969-06-18,0,0.76921346
Cyrus,1950-10-24,0,0.11636227
Esteban,1956-01-03,0,0.75949283
Braylen,1973-05-23,0,0.2530631
Albert,1959-05-18,0,0.46539658
Bruce,1973-06-16,0,0.8418379
Kamden,1989-05-25,0,0.065216068
Lawson,1984-03-09,0,0.44044893
Jamison,1965-11-26,0,0.73181918
Sterling,1980-01-09,0,0.68161282
Damon,1967-09-24,0,0.13584768
Gunnar,1945-02-13,0,0.10781921
Kyson,1983-05-02,0,0.63771125
Luka,1940-01-26,0,0.33857039
Franklin,1982-02-14,0,0.67913349
Ezequiel,1944-05-20,0,0.29828919
Pablo,1996-04-28,0,0.0054012932
Derrick,1953-07-07,0,0.50674356
Zachariah,1984-06-23,0,0.31408447
Cade,1982-07-07,0,0.36624279
Jonas,1967-09-25,0,0.43329902
Dexter,1988-07-19,0,0.6940882
Kolton,1983-09-10,0,0.21410875
Remy,1998-10-13,0,0.91312682
Hank,1956-10-06,0,0.010657049
Tate,1954-05-30,0,0.93327563
Trenton,1967-07-24,0,0.89298762
Kian,1994-01-17,0,0.35090354
Drew,1951-02-05,0,0.21628032
Mohamed,1946-11-06,0,0.27625503
Dax,1972-11-09,0,0.23934053
Rocco,1942-01-29,0,0.058930809
Bowen,1946-03-03,0,0.86281257
Mathias,1946-08-08,0,0.7617624
Ronald,1964-04-07,0,0.44934754
Francis,1948-04-15,0,0.86995654
Matthias,1984-07-28,0,0.17546202
Milan,1966-09-25,0,0.13265338
Maximilian,1992-01-20,0,0.447432
Royce,1956-08-10,0,0.27220008
Skyler,1954-05-28,0,0.052979686
Corey,1986-08-07,0,0.39997739
Kasen,1992-03-21,0,0.99375804
Drake,1941-01-22,0,0.49128479
Gerardo,1941-05-06,0,0.36498362
Jayson,1942-01-22,0,0.48634563
Sage,1958-04-25,0,0.93615337
Braylon,1979-04-27,0,0.70966892
Benson,1960-05-13,0,0.34049113
Moses,1999-09-07,0,0.89112773
Alijah,1991-01-01,0,0.98430961
Rhys,1958-02-08,0,0.37945684
Otto,1980-01-03,0,0.17800418
Oakley,1970-08-15,0,0.64282599
Armando,1992-01-27,0,0.74275946
Jaime,1964-01-16,0,0.075375605
Nixon,1982-10-28,0,0.53482981
Saul,1948-02-02,0,0.31343042
Scott,1967-02-19,0,0.62301015
Brycen,1951-02-12,0,0.62026294
Ariel,1997-06-16,0,0.18595691
Enrique,1990-08-21,0,0.95533677
Donald,1969-04-08,0,0.23464873
Chandler,1967-07-08,0,0.62149652
Asa,1969-07-24,0,0.21616058
Eden,1954-05-05,0,0.22256304
Davis,1992-09-13,0,0.93271247
Keith,1999-03-22,0,0.28530325
Frederick,1989-06-16,0,0.96167988
Rowen,1950-11-22,0,0.40033966
Lawrence,1984-07-25,0,0.2571605
Leonidas,1969-09-16,0,0.72456257
Aden,1958-01-10,0,0.67044939
Julio,1965-03-17,0,0.12873098
Darius,1999-07-16,0,0.076282589
Johan,1967-05-10,0,0.4792089
Deacon,1960-05-26,0,0.3512786
Cason,1962-03-30,0,0.48428939
Danny,1998-05-17,0,0.32392009
Nikolai,1981-01-08,0,0.18215825
Taylor,1970-02-24,0,0.16322476
Alec,1992-02-03,0,0.18273039
Royal,1957-04-29,0,0.017102801
Armani,1951-07-22,0,0.42494806
Kieran,1956-02-06,0,0.62541576
Luciano,1969-04-05,0,0.067666983
Omari,1960-04-20,0,0.31457674
Rodrigo,1988-05-26,0,0.91417861
Arjun,1963-02-23,0,0.41859885
Ahmed,1947-10-13,0,0.23986556
Brendan,1960-05-26,0,0.74119427
Cullen,1998-11-18,0,0.75753131
Raul,1999-03-06,0,0.16949919
Raphael,1991-10-08,0,0.12097379
Ronin,1985-06-18,0,0.86802812
Brock,1983-05-21,0,0.73433843
Pierce,1977-02-10,0,0.69284998
Alonzo,1958-03-08,0,0.083979814
Casey,1952-05-11,0,0.19205764
Dillon,1951-07-06,0,0.76621107
Uriel,1975-03-16,0,0.38454001
Dustin,1977-05-26,0,0.41782188
Gianni,1993-08-25,0,0.5274541
Roland,1964-06-29,0,0.42112269
Landyn,1954-09-29,0,0.84149236
Kobe,1987-02-04,0,0.15497133
Dorian,1998-04-20,0,0.027543558
Emmitt,1944-10-13,0,0.45986051
Ryland,1945-06-12,0,0.72359576
Apollo,1983-11-29,0,0.88778591
Aarav,1997-10-10,0,0.68558443
Roy,1949-04-16,0,0.35176026
Duke,1999-02-21,0,0.29585273
Quentin,1959-04-30,0,0.41673377
Sam,1973-03-20,0,0.74846578
Lewis,1963-05-13,0,0.030551341
Tony,1946-01-25,0,0.79062495
Uriah,1977-08-27,0,0.50607154
Dennis,1991-10-06,0,0.1062214
Moshe,1950-10-13,0,0.14555852
Isaias,1981-09-25,0,0.98580773
Braden,1966-01-08,0,0.96042204
Quinton,1968-03-10,0,0.11328469
Cannon,1948-07-04,0,0.020863918
Ayaan,1943-04-18,0,0.8733284
Mathew,1971-11-08,0,0.45464514
Kellan,1991-02-18,0,0.29941612
Niko,1944-02-26,0,0.95348083
Edison,1997-01-28,0,0.37686975
Izaiah,1961-05-04,0,0.69017739
Jerry,1959-06-05,0,0.59916384
Gustavo,1947-10-22,0,0.82371874
Jamari,1978-01-18,0,0.96302711
Marvin,1944-03-30,0,0.3006236
Mauricio,1970-08-14,0,0.85602839
Ahmad,1946-04-14,0,0.45866005
Mohammad,1995-03-30,0,0.6945475
Justice,1961-11-18,0,0.44568325
Trey,1951-06-11,0,0.4000079
Elian,1969-10-05,0,0.90821058
Mohammed,1989-11-25,0,0.68889502
Sincere,1970-08-24,0,0.68654955
Yusuf,1975-09-23,0,0.91896499
Arturo,1969-06-02,0,0.27107871
Callen,1986-05-28,0,0.66158249
Rayan,1976-03-16,0,0.87811837
Keaton,1966-10-10,0,0.79430676
Wilder,1958-01-24,0,0.88610496
Mekhi,1965-04-21,0,0.12570282
Memphis,1976-07-30,0,0.24130368
Cayson,1951-02-21,0,0.44690653
Conrad,1995-07-04,0,0.13508169
Kaison,1945-02-23,0,0.41991625
Kyree,1998-02-21,0,0.090755771
Soren,1962-06-04,0,0.72806379
Colby,1953-09-03,0,0.54252161
Bryant,1998-05-11,0,0.64360197
Lucian,1999-11-15,0,0.89438646
Alfredo,1979-05-30,0,0.85689083
Cassius,1948-02-17,0,0.20882725
Marcelo,1997-08-06,0,0.47438762
Nikolas,1987-02-15,0,0.17125063
Brennan,1969-10-23,0,0.779793
Darren,1992-05-07,0,0.29858798
Jasiah,1979-02-06,0,0.91747117
Jimmy,1969-11-10,0,0.88913182
Lionel,1943-09-13,0,0.26474744
Reece,1985-07-14,0,0.63672014
Ty,1968-08-20,0,0.26642678
Chris,1972-02-13,0,0.85095781
Forrest,1943-08-04,0,0.23340368
Korbin,1999-10-16,0,0.21633122
Tatum,1982-03-29,0,0.89219116
Jalen,1974-09-17,0,0.46613872
Santino,1954-04-29,0,0.86641079
Case,1963-08-13,0,0.01561271
Leonard,1961-03-13,0,0.01512144
Alvin,1945-02-23,0,0.97646906
Issac,1989-04-26,0,0.68912017
Bo,1940-05-02,0,0.019838891
Quincy,1993-04-06,0,0.98310259
Mack,1957-07-23,0,0.72262768
Samson,1973-06-05,0,0.051241737
Rex,1963-10-15,0,0.10422962
Alberto,1985-08-27,0,0.8809388
Callum,1955-05-04,0,0.94200141
Curtis,1950-10-29,0,0.0026342032
Hezekiah,1942-05-16,0,0.83340327
Finnley,1976-02-27,0,0.75957746
Briggs,1988-07-14,0,0.84630103
Kamari,1979-03-12,0,0.97302333
Zeke,1942-09-15,0,0.11353563
Raylan,1987-10-06,0,0.34121099
Neil,1947-05-09,0,0.80052501
Titan,1941-06-12,0,0.72089864
Julien,1971-10-22,0,0.73200913
Kellen,1944-08-14,0,0.26212856
Devon,1952-01-12,0,0.88489007
Kylan,1968-04-24,0,0.98219401
Roger,1944-05-05,0,0.77551398
Axton,1946-07-19,0,0.8070991
Carl,1977-06-18,0,0.34451872
Douglas,1993-01-22,0,0.72747548
Larry,1959-03-25,0,0.63748089
Crosby,1976-10-30,0,0.43859834
Fletcher,1953-01-14,0,0.86535618
Makai,1950-09-30,0,0.2440903
Nelson,1962-07-17,0,0.38027704
Hamza,1948-01-14,0,0.72478353
Lance,1992-06-06,0,0.93351546
Alden,1968-11-21,0,0.19897287
Gary,1994-03-23,0,0.78195242
Wilson,1963-06-14,0,0.22697502
Alessandro,1940-10-17,0,0.57549132
Ares,1974-08-04,0,0.40773354
Kashton,1963-02-20,0,0.86546641
Bruno,1969-01-09,0,0.74024163
Jakob,1966-10-03,0,0.25837581
Stetson,1969-04-26,0,0.36725702
Zain,1963-03-13,0,0.73135601
Cairo,1951-10-29,0,0.27085359
Nathanael,1977-08-03,0,0.91924741
Byron,1962-03-01,0,0.40456256
Harry,1968-11-01,0,0.13993693
Harley,1945-10-21,0,0.39044449
Mitchell,1994-05-07,0,0.54033991
Maurice,1980-11-03,0,0.29051405
Orlando,1960-03-21,0,0.97502041
Kingsley,1980-06-22,0,0.48814084
Kaysen,1969-01-28,0,0.29873697
Sylas,1941-10-03,0,0.56413645
Trent,1970-09-03,0,0.72872712
Ramon,1970-05-11,0,0.15258475
Boston,1994-04-19,0,0.6789859
Lucca,1965-06-05,0,0.049187198
Noe,1941-06-30,0,0.88427708
Jagger,1967-09-18,0,0.87680663
Reyansh,1970-03-21,0,0.51769613
Vihaan,1993-01-14,0,0.29954586
Randy,1951-10-07,0,0.49479464
Thaddeus,1947-08-16,0,0.35632659
Lennon,1979-06-17,0,0.20927185
Kannon,1943-07-29,0,0.54196309
Kohen,1966-07-30,0,0.11728902
Tristen,1988-04-01,0,0.73905403
Valentino,1991-07-14,0,0.19355413
Maxton,1975-09-05,0,0.514653
Salvador,1955-08-10,0,0.47779015
Abdiel,1992-10-23,0,0.073088476
Langston,1994-01-26,0,0.88725931
Rohan,1962-07-01,0,0.71896789
Kristopher,1956-04-22,0,0.061530991
Yosef,1989-11-23,0,0.55922018
Rayden,1961-11-20,0,0.10195683
Lee,1953-08-12,0,0.85266366
Callan,1984-01-27,0,0.85551315
Tripp,1956-08-12,0,0.25601266
Deandre,1946-07-06,0,0.76464193
Joe,1978-10-23,0,0.26428682
Morgan,1964-07-12,0,0.17834335
Dariel,1993-11-27,0,0.018951573
Colten,1946-02-27,0,0.3112666
Reese,1953-04-14,0,0.091248574
Jedidiah,1945-10-27,0,0.48916262
Ricky,1986-03-24,0,0.079323608
Bronson,1983-10-23,0,0.64085992
Terry,1950-04-04,0,0.15991971
Eddie,1993-05-17,0,0.92908725
Jefferson,1973-02-17,0,0.33141246
Lachlan,1965-03-12,0,0.24073391
Layne,1979-02-15,0,0.45305775
Clay,1956-10-15,0,0.36033879
Madden,1962-09-22,0,0.56091314
Jamir,1967-07-23,0,0.35458992
Tomas,1940-05-23,0,0.29235618
Kareem,1970-08-27,0,0.13934699
Stanley,1991-11-29,0,0.82525249
Brayan,1965-05-24,0,0.87314885
Amos,1980-08-11,0,0.89054165
Kase,1987-07-19,0,0.066196432
Kristian,1990-03-12,0,0.80120611
Clyde,1941-09-25,0,0.84821531
Ernesto,1964-02-03,0,0.057765746
Tommy,1984-04-24,0,0.92656203
Casen,1949-10-08,0,0.12229021
Ford,1966-08-25,0,0.19300687
Crew,1979-10-01,0,0.51645882
Braydon,1998-03-18,0,0.43185975
Brecken,1954-06-30,0,0.15519412
Hassan,1952-07-25,0,0.33877054
Axl,1967-01-24,0,0.20101659
Boone,1975-06-02,0,0.44481287
Leandro,1948-06-18,0,0.84248262
Samir,1986-04-16,0,0.19517751
Jaziel,1990-10-20,0,0.76445539
Magnus,1941-08-27,0,0.55640936
Abdullah,1997-04-29,0,0.095267881
Yousef,1948-03-03,0,0.85804393
Branson,1992-09-15,0,0.36302557
Jadiel,1991-04-15,0,0.73462744
Jaxen,1973-08-01,0,0.10384467
Layton,1975-01-28,0,0.29444456
Franco,1952-11-26,0,0.99930415
Ben,1996-08-19,0,0.19414638
Grey,1970-08-29,0,0.90855519
Kelvin,1972-06-28,0,0.96128364
Chaim,1999-05-19,0,0.68482482
Demetrius,1941-06-19,0,0.21939278
Blaine,1997-11-25,0,0.12265389
Ridge,1953-05-23,0,0.18970835
Colson,1950-03-12,0,0.20022705
Melvin,1999-11-28,0,0.12701001
Anakin,1941-08-15,0,0.43144638
Aryan,1966-06-09,0,0.26827501
Lochlan,1974-01-22,0,0.64690442
Jon,1951-07-16,0,0.064566173
Canaan,1956-07-21,0,0.52188265
Dash,1991-04-10,0,0.36180281
Zechariah,1940-03-26,0,0.30099331
Alonso,1963-09-30,0,0.058432878
Otis,1960-03-22,0,0.94629677
Zaire,1999-01-29,0,0.033502686
Marcel,1968-04-19,0,0.64986744
Brett,1948-02-12,0,0.20207058
Stefan,1990-05-19,0,0.12099929
Aldo,1955-03-07,0,0.69690557
Jeffery,1952-05-28,0,0.72228518
Baylor,1948-09-12,0,0.16269222
Talon,1987-03-19,0,0.9031691
Dominik,1985-03-13,0,0.10867718
Flynn,1952-02-19,0,0.090201962
Carmelo,1949-11-24,0,0.40720233
Dane,1969-09-28,0,0.772178
Jamal,1957-06-10,0,0.87002149
Kole,1987-07-27,0,0.67698545
Enoch,1952-09-17,0,0.38138011
Graysen,1975-03-18,0,0.07378541
Kye,1984-08-05,0,0.41791519
Vicente,1966-11-11,0,0.37808121
Fisher,1942-02-25,0,0.94182135
Ray,1990-10-09,0,0.75528601
Fox,1973-02-06,0,0.83245788
Jamie,1943-08-23,0,0.28446799
Rey,1949-01-12,0,0.10096223
Zaid,1987-08-07,0,0.049510538
Allan,1942-01-19,0,0.72142909
Emery,1968-10-19,0,0.089049705
Gannon,1959-07-09,0,0.639681
Joziah,1977-08-23,0,0.071172601
Rodney,1945-08-02,0,0.31675921
Juelz,1972-02-09,0,0.33061979
Sonny,1957-09-16,0,0.74626653
Terrance,1946-06-13,0,0.026240265
Zyaire,1960-01-20,0,0.58764153
Augustine,1955-11-09,0,0.49099488
Cory,1993-11-14,0,0.49952599
Felipe,1984-04-25,0,0.560873
Aron,1987-04-28,0,0.72917852
Jacoby,1943-04-26,0,0.53707283
Harlan,1964-02-07,0,0.8829593
Marc,1954-10-20,0,0.33856271
Bobby,1970-05-10,0,0.98235817
Joey,1951-09-09,0,0.282693
Anson,1996-08-14,0,0.076264972
Huxley,1976-11-11,0,0.82142417
Marlon,1997-06-10,0,0.033724897
Anders,1991-01-13,0,0.62228513
Guillermo,1955-01-03,0,0.29585695
Payton,1998-07-06,0,0.34830103
Castiel,1964-09-28,0,0.82815984
Damari,1946-04-25,0,0.17470733
Shepherd,1940-05-30,0,0.77768941
Azariah,1996-04-07,0,0.71002596
Harold,1988-10-12,0,0.22214761
Harper,1978-05-24,0,0.1380771
Henrik,1968-05-02,0,0.69265285
Houston,1982-03-12,0,0.2889767
Kairo,1989-06-26,0,0.82521271
Willie,1952-11-13,0,0.3890062
Elisha,1971-07-13,0,0.059101741
Ameer,1976-09-01,0,0.32101904
Emory,1944-11-11,0,0.87305625
Skylar,1984-03-20,0,0.81678071
Sutton,1988-03-28,0,0.23612563
Alfonso,1996-02-20,0,0.22368097
Brentley,1999-06-11,0,0.7010983
Toby,1944-03-17,0,0.73692564
Blaze,1980-02-29,0,0.3787523
Eugene,1997-11-17,0,0.74781808
Shiloh,1958-07-28,0,0.36168109
Wayne,1941-08-01,0,0.67674243
Darian,1941-11-30,0,0.73700836
Gordon,1985-02-02,0,0.10073165
London,1942-05-25,0,0.30337218
Bodie,1940-01-04,0,0.95205809
Jordy,1940-08-23,0,0.91347983
Jermaine,1972-03-16,0,0.22417806
Denver,1992-09-16,0,0.7080479
Gerald,1956-06-16,0,0.82067672
Merrick,1948-09-11,0,0.78076647
Musa,1953-06-24,0,0.83337378
Vincenzo,1979-11-08,0,0.58498786
Kody,1975-04-16,0,0.8539818
Yahir,1948-01-03,0,0.079330468
Brodie,1991-02-15,0,0.95367508
Trace,1976-02-16,0,0.88981338
Darwin,1985-11-17,0,0.13440603
Tadeo,1956-06-25,0,0.92187406
Bentlee,1953-06-06,0,0.48503378
Billy,1944-11-27,0,0.77661573
Hugh,1951-05-29,0,0.3283678
Reginald,1997-07-25,0,0.74753609
Vance,1998-04-28,0,0.21200556
Westin,1957-08-24,0,0.86872504
Cain,1975-04-06,0,0.71639954
Arian,1995-05-21,0,0.28471469
Dayton,1944-04-12,0,0.15234468
Javion,1987-05-08,0,0.011838146
Terrence,1955-06-15,0,0.52969498
Brysen,1966-03-21,0,0.65413865
Jaxxon,1998-02-09,0,0.27295269
Thatcher,1993-09-09,0,0.53048864
Landry,1956-01-06,0,0.80685804
Rene,1959-04-24,0,0.38584588
Westley,1950-10-18,0,0.72691414
Miller,1958-04-25,0,0.2347821
Alvaro,1947-03-21,0,0.79607847
Cristiano,1949-08-21,0,0.43437159
Eliseo,1984-06-27,0,0.23706217
Ephraim,1988-09-26,0,0.72976646
Adrien,1942-01-27,0,0.86266922
Jerome,1978-03-19,0,0.65439018
Khalid,1984-08-20,0,0.52198462
Aydin,1970-04-21,0,0.54001833
Mayson,1970-05-17,0,0.10615557
Alfred,1970-11-06,0,0.33777987
Duncan,1965-06-02,0,0.72027308
Junior,1959-01-23,0,0.86933713
Kendall,1947-07-04,0,0.7201228
Zavier,1993-05-13,0,0.7432995
Koda,1945-06-14,0,0.18460697
Maison,1990-07-09,0,0.38151947
Caspian,1940-01-10,0,0.64938919
Maxim,1966-03-13,0,0.53686814
Kace,1940-06-21,0,0.53565129
Zackary,1992-05-26,0,0.78618133
Rudy,1984-09-24,0,0.23440778
Coleman,1952-08-08,0,0.3113197
Keagan,1971-02-20,0,0.41712423
Kolten,1992-10-03,0,0.83938115
Maximo,1967-04-19,0,0.88080504
Dario,1975-02-24,0,0.45379871
Davion,1954-04-14,0,0.39864657
Kalel,1982-02-09,0,0.97858706
Briar,1943-01-12,0,0.76556162
Jairo,1969-07-23,0,0.40644171
Misael,1979-04-09,0,0.98097598
Rogelio,1968-02-09,0,0.81447071
Terrell,1983-01-02,0,0.64159158
Heath,1967-10-22,0,0.91562591
Micheal,1960-10-01,0,0.08995257
Wesson,1963-06-07,0,0.98371629
Aaden,1958-08-05,0,0.97679064
Brixton,1965-01-16,0,0.20591731
Draven,1989-07-30,0,0.34989022
Xzavier,1989-01-18,0,0.8232305
Darrell,1994-02-26,0,0.91982124
Keanu,1967-06-25,0,0.28423834
Ronnie,1956-04-09,0,0.27987831
Konnor,1997-01-26,0,0.54558583
Will,1953-01-13,0,0.19181022
Dangelo,1971-06-28,0,0.5812775
Frankie,1971-05-27,0,0.82261436
Kamryn,1969-01-16,0,0.93859014
Salvatore,1966-06-13,0,0.83020048
Santana,1989-10-30,0,0.016123252
Shaun,1989-06-24,0,0.28422701
Coen,1985-08-16,0,0.8246933
Leighton,1981-11-26,0,0.66479692
Mustafa,1999-07-06,0,0.32267646
Reuben,1993-03-17,0,0.42992337
Ayan,1946-02-15,0,0.65959342
Blaise,1946-05-30,0,0.92085546
Dimitri,1988-11-30,0,0.7424446
Keenan,1996-02-03,0,0.75079885
Van,1977-06-20,0,0.13966176
Achilles,1954-07-02,0,0.61395668
Channing,1947-03-23,0,0.034226113
Ishaan,1945-06-15,0,0.5767339
Wells,1961-07-23,0,0.86196888
Benton,1948-08-17,0,0.20393532
Lamar,1983-08-15,0,0.5397754
Nova,1996-02-21,0,0.79057452
Yahya,1992-09-25,0,0.97761891
Dilan,1993-01-02,0,0.65374252
Gibson,1979-08-03,0,0.43824163
Camdyn,1952-10-01,0,0.56304493
Ulises,1955-09-11,0,0.14036368
Alexzander,1942-04-12,0,0.52334495
Valentin,1988-11-25,0,0.65916292
Shepard,1942-02-03,0,0.22161042
Alistair,1941-09-28,0,0.35097322
Eason,1953-02-17,0,0.97092245
Kaiser,1980-05-15,0,0.82609509
Leroy,1976-07-13,0,0.23745193
Zayd,1952-03-20,0,0.25930646
Camilo,1948-03-17,0,0.68406228
Markus,1988-11-25,0,0.23483731
Foster,1951-05-27,0,0.48536025
Davian,1942-02-10,0,0.23929766
Dwayne,1966-04-24,0,0.15280765
Jabari,1969-01-19,0,0.78256818
Judson,1994-09-26,0,0.26583957
Koa,1948-07-20,0,0.87805307
Yehuda,1985-02-14,0,0.094043664
Lyric,1993-05-20,0,0.18922269
Tristian,1995-02-27,0,0.97614899
Agustin,1993-01-27,0,0.23534033
Bridger,1965-01-23,0,0.28666952
Vivaan,1995-07-29,0,0.21768255
Brayson,1993-06-10,0,0.61167597
Emmet,1982-06-29,0,0.87371704
Marley,1993-03-30,0,0.5124633
Mike,1962-08-25,0,0.98347902
Nickolas,1976-07-20,0,0.65070507
Kenny,1990-09-24,0,0.93701701
Leif,1996-05-09,0,0.53464339
Bjorn,1996-03-03,0,0.77511865
Ignacio,1972-06-28,0,0.91055954
Rocky,1994-06-23,0,0.77930135
Chad,1993-08-23,0,0.20240658
Gatlin,1983-07-26,0,0.87884088
Greysen,1942-06-10,0,0.15283991
Kyng,1961-04-04,0,0.41414351
Randall,1964-05-23,0,0.63025382
Reign,1967-07-21,0,0.02319356
Vaughn,1986-03-28,0,0.90103204
Jessie,1970-11-22,0,0.81624119
Louie,1989-06-29,0,0.071897069
Shmuel,1958-06-25,0,0.054540581
Zahir,1967-06-19,0,0.17944509
Ernest,1955-10-12,0,0.73857139
Javon,1975-11-20,0,0.3169237
Khari,1993-11-13,0,0.48757689
Reagan,1955-08-07,0,0.92461863
Avi,1971-02-06,0,0.56337891
Ira,1945-10-29,0,0.9175749
Ledger,1969-01-21,0,0.48574499
Simeon,1984-08-15,0,0.22182198
Yadiel,1963-02-22,0,0.72984964
Maddux,1997-07-12,0,0.62396714
Seamus,1972-04-14,0,0.69276305
Jad,1986-11-30,0,0.7268771
Jeremias,1966-03-03,0,0.70165368
Kylen,1953-03-16,0,0.73874378
Rashad,1977-11-28,0,0.031672907
Santos,1987-08-29,0,0.9084137
Cedric,1983-02-08,0,0.84799823
Craig,1966-11-07,0,0.69799683
Dominique,1972-10-25,0,0.64348698
Gianluca,1965-02-28,0,0.16926632
Jovanni,1957-11-22,0,0.46273455
Bishop,1989-03-04,0,0.96809976
Brenden,1964-01-19,0,0.55203345
Anton,1986-06-24,0,0.099524573
Camron,1982-08-03,0,0.5624487
Giancarlo,1942-09-24,0,0.6492683
Lyle,1946-01-29,0,0.33859807
Alaric,1957-10-18,0,0.97793052
Decker,1967-09-08,0,0.94706314
Eliezer,1950-06-28,0,0.14396016
Ramiro,1962-03-14,0,0.0031148504
Yisroel,1965-10-29,0,0.4082829
Howard,1948-04-02,0,0.17810673
Jaxx,1947-03-20,0,0.9371002
Emma,1978-11-17,1,0.087721218
Olivia,1968-08-16,1,0.91382915
Ava,1994-10-16,1,0.97192403
Isabella,1995-05-03,1,0.72992162
Sophia,1960-08-06,1,0.88432567
Mia,1998-08-12,1,0.96441035
Charlotte,1942-08-20,1,0.19333616
Amelia,1964-06-07,1,0.47273173
Evelyn,1967-05-28,1,0.1840109
Abigail,1963-06-08,1,0.055079997
Emily,1998-09-07,1,0.32372114
Elizabeth,1991-08-12,1,0.77377256
Sofia,1950-05-27,1,0.16334765
Ella,1962-08-07,1,0.41707691
Madison,1956-10-23,1,0.19757615
Scarlett,1973-01-22,1,0.49678022
Victoria,1992-02-01,1,0.20815443
Aria,1987-02-16,1,0.61780777
Grace,1941-10-03,1,0.051732468
Chloe,1976-10-23,1,0.3345573
Camila,1999-07-22,1,0.35560127
Penelope,1990-04-20,1,0.29233265
Layla,1955-03-20,1,0.22971725
Lillian,1946-08-28,1,0.28447389
Nora,1971-01-13,1,0.61766544
Zoey,1955-04-08,1,0.81567511
Mila,1976-05-21,1,0.89547882
Aubrey,1964-04-13,1,0.057173332
Hannah,1981-06-09,1,0.37222725
Lily,1998-02-22,1,0.77059038
Addison,1957-06-01,1,0.20814525
Eleanor,1965-07-17,1,0.70945418
Natalie,1981-07-21,1,0.7867903
Luna,1954-10-16,1,0.7937632
Savannah,1965-06-30,1,0.59622487
Brooklyn,1989-06-27,1,0.38446935
Leah,1977-11-26,1,0.47646672
Zoe,1952-06-28,1,0.28149248
Stella,1998-04-07,1,0.43719013
Hazel,1952-10-09,1,0.66043965
Ellie,1954-09-27,1,0.88153999
Paisley,1998-05-29,1,0.49581655
Audrey,1941-04-14,1,0.59881619
Violet,1957-07-26,1,0.29434854
Claire,1977-07-04,1,0.034357309
Bella,1990-06-05,1,0.66013431
Aurora,1979-11-22,1,0.93327491
Lucy,1969-03-25,1,0.11506093
Anna,1983-06-05,1,0.704384
Samantha,1980-11-11,1,0.7865484
Caroline,1972-08-12,1,0.24751322
Genesis,1998-01-28,1,0.15364098
Aaliyah,1959-02-15,1,0.62337994
Kennedy,1990-11-05,1,0.1354548
Kinsley,1960-01-01,1,0.0042869811
Allison,1958-05-21,1,0.23810546
Maya,1943-02-19,1,0.88102964
Sarah,1988-03-22,1,0.51689629
Madelyn,1941-03-28,1,0.36727372
Adeline,1962-07-11,1,0.2939109
Alexa,1956-04-27,1,0.453202
Ariana,1958-05-01,1,0.26301188
Elena,1984-07-23,1,0.56747576
Gabriella,1979-09-28,1,0.22278293
Naomi,1977-10-06,1,0.68274524
Alice,1983-11-09,1,0.44684101
Sadie,1947-04-17,1,0.89656779
Hailey,1997-04-04,1,0.76187835
Eva,1967-03-03,1,0.61472553
Emilia,1942-11-06,1,0.1309327
Autumn,1980-04-29,1,0.87800671
Nevaeh,1998-11-23,1,0.34731646
Piper,1999-06-01,1,0.79612548
Ruby,1977-02-20,1,0.18720689
Serenity,1945-10-01,1,0.86869551
Willow,1981-09-30,1,0.89896632
Everly,1944-02-02,1,0.9541389
Cora,1997-11-30,1,0.16822576
Kaylee,1984-01-15,1,0.9547492
Lydia,1987-11-10,1,0.81888966
Aubree,1983-03-06,1,0.1818444
Arianna,1947-03-05,1,0.75132491
Eliana,1982-07-06,1,0.60271829
Melanie,1995-06-09,1,0.19502658
Gianna,1949-10-06,1,0.96227769
Isabelle,1988-03-08,1,0.47609171
Julia,1953-10-15,1,0.61820539
Valentina,1945-10-18,1,0.4022857
Clara,1999-06-10,1,0.99953497
Vivian,1972-03-16,1,0.93717037
Mackenzie,1951-09-06,1,0.41349606
Madeline,1987-07-21,1,0.3354896
Brielle,1955-06-19,1,0.89292999
Delilah,1988-10-01,1,0.73498619
Isla,1947-07-11,1,0.90926242
Rylee,1949-03-02,1,0.41987705
Katherine,1978-05-27,1,0.29761929
Sophie,1972-01-24,1,0.62039974
Josephine,1950-04-08,1,0.31256871
Ivy,1993-09-09,1,0.67752797
Liliana,1991-11-22,1,0.41798366
Jade,1958-03-14,1,0.28732517
Maria,1972-10-12,1,0.68142588
Hadley,1964-11-15,1,0.48516057
Kylie,1962-10-09,1,0.36209809
Adalynn,1975-03-30,1,0.52335063
Natalia,1971-03-24,1,0.46135725
Annabelle,1948-01-25,1,0.33304527
Faith,1968-05-02,1,0.83391219
Alexandra,1967-06-12,1,0.80228312
Ximena,1940-02-08,1,0.072355722
Ashley,1964-07-07,1,0.7059484
Brianna,1966-03-18,1,0.90456934
Raelynn,1988-06-26,1,0.36171742
Bailey,1952-05-06,1,0.014031949
Mary,1963-11-02,1,0.61527419
Athena,1940-10-28,1,0.31401666
Andrea,1954-07-13,1,0.80932326
Leilani,1968-01-05,1,0.70898422
Jasmine,1966-01-14,1,0.27107089
Lyla,1973-03-26,1,0.84384987
Margaret,1990-02-20,1,0.50145666
Alyssa,1991-08-08,1,0.3656693
Adalyn,1981-05-12,1,0.73896528
Arya,1952-05-12,1,0.61464215
Norah,1965-06-02,1,0.38110196
Khloe,1985-01-12,1,0.23065399
Kayla,1988-07-24,1,0.82184464
Eliza,1998-04-21,1,0.84969897
Rose,1941-01-30,1,0.70554473
Melody,1966-02-22,1,0.46283924
Isabel,1946-07-11,1,0.01895742
Sydney,1987-11-24,1,0.74817611
Juliana,1952-03-16,1,0.91091887
Lauren,1943-01-20,1,0.57978758
Iris,1963-11-30,1,0.92274088
Lilly,1976-06-14,1,0.46434435
Aliyah,1988-02-08,1,0.090580019
Valeria,1988-08-18,1,0.80550553
Arabella,1958-03-07,1,0.54887187
Sara,1942-03-25,1,0.21013535
Trinity,1958-10-03,1,0.72157011
Ryleigh,1994-09-29,1,0.92359135
Jordyn,1975-07-08,1,0.23361073
Jocelyn,1986-06-27,1,0.25067715
Kimberly,1974-05-05,1,0.52650034
Esther,1989-02-20,1,0.68605052
Molly,1998-08-25,1,0.18782063
Valerie,1954-02-07,1,0.11413395
Cecilia,1986-09-17,1,0.46087405
Anastasia,1989-09-02,1,0.4980113
Daisy,1974-08-07,1,0.89804112
Laila,1943-07-23,1,0.95140792
Mya,1966-01-02,1,0.89653436
Amy,1978-01-20,1,0.18933313
Teagan,1959-10-22,1,0.20473367
Amaya,1945-03-11,1,0.042430203
Elise,1979-04-23,1,0.44306157
Harmony,1997-04-15,1,0.14906338
Paige,1979-11-14,1,0.91046978
Adaline,1963-06-03,1,0.29098782
Fiona,1953-10-26,1,0.98395904
Alaina,1972-06-20,1,0.063673646
Nicole,1954-07-01,1,0.13800839
Genevieve,1942-10-28,1,0.6392343
Lucia,1967-08-25,1,0.91258721
Alina,1985-04-06,1,0.70081624
Mckenzie,1977-04-09,1,0.72673269
Callie,1968-02-13,1,0.18561163
Eloise,1958-05-19,1,0.23224211
Brooke,1980-09-10,1,0.46270196
Londyn,1971-09-08,1,0.035426357
Mariah,1956-11-27,1,0.94498651
Julianna,1961-09-14,1,0.29327728
Rachel,1964-01-23,1,0.79141889
Daniela,1972-02-14,1,0.91042499
Gracie,1978-01-30,1,0.52751025
Catherine,1973-11-22,1,0.077410778
Angelina,1946-10-03,1,0.65999383
Presley,1989-05-09,1,0.98460881
Josie,1959-09-12,1,0.97738892
Adelyn,1947-11-30,1,0.44098389
Vanessa,1985-11-03,1,0.68100142
Makayla,1956-02-01,1,0.068112545
Juliette,1983-10-20,1,0.82748712
Amara,1948-01-07,1,0.80549263
Lila,1993-09-22,1,0.25857001
Ana,1990-01-03,1,0.43329248
Alana,1984-09-09,1,0.13154512
Michelle,1995-11-23,1,0.15455862
Malia,1955-11-30,1,0.23648519
Rebecca,1994-10-04,1,0.21044848
Brooklynn,1973-07-16,1,0.36380447
Brynlee,1947-06-29,1,0.98685667
Summer,1959-03-28,1,0.10611559
Sloane,1993-09-08,1,0.025682608
Leila,1998-11-29,1,0.23668602
Sienna,1997-11-13,1,0.13836098
Adriana,1970-03-07,1,0.82999899
Juliet,1981-04-23,1,0.82121704
Destiny,1985-03-11,1,0.72588564
Alayna,1999-08-02,1,0.56946392
Elliana,1977-01-09,1,0.71593037
Diana,1964-01-17,1,0.56033409
Ayla,1982-08-05,1,0.18603501
Angela,1945-05-05,1,0.23834302
Noelle,1945-10-12,1,0.39863222
Rosalie,1968-05-26,1,0.35474272
Joanna,1957-05-15,1,0.87330909
Jayla,1952-08-04,1,0.53381503
Alivia,1974-11-24,1,0.94211153
Lola,1973-05-16,1,0.44954877
Emersyn,1965-04-22,1,0.32599251
Georgia,1950-08-16,1,0.39512422
Selena,1945-04-25,1,0.59027633
June,1975-06-27,1,0.69531443
Daleyza,1977-01-01,1,0.24190323
Tessa,1963-07-17,1,0.27025354
Maggie,1952-05-21,1,0.0082121243
Jessica,1954-09-28,1,0.81466801
Remi,1964-07-13,1,0.22438902
Delaney,1994-04-24,1,0.89198573
Camille,1962-08-20,1,0.39718283
Vivienne,1944-01-05,1,0.6658061
Hope,1997-01-25,1,0.65066416
Mckenna,1979-08-26,1,0.70451829
Gemma,1956-01-18,1,0.13006692
Olive,1981-11-19,1,0.11109975
Alexandria,1980-02-12,1,0.54569391
Blakely,1952-07-29,1,0.81787252
Izabella,1996-10-16,1,0.56975711
Catalina,1985-01-11,1,0.16596728
Raegan,1988-09-16,1,0.17997794
Journee,1956-06-04,1,0.067234602
Gabrielle,1989-06-07,1,0.95505411
Lucille,1950-08-02,1,0.090213988
Ruth,1953-07-18,1,0.91894228
Amiyah,1963-08-26,1,0.68307001
Evangeline,1992-08-10,1,0.32020182
Thea,1940-11-20,1,0.52875839
Amina,1971-07-22,1,0.96240162
Giselle,1941-09-05,1,0.31953341
Lilah,1984-03-19,1,0.86736973
Melissa,1964-06-18,1,0.7080085
Kate,1961-06-14,1,0.31304482
Adelaide,1986-03-15,1,0.078992958
Charlee,1952-04-26,1,0.48345191
Vera,1955-01-20,1,0.15390867
Leia,1942-05-19,1,0.69907405
Gabriela,1942-05-28,1,0.30741056
Zara,1970-04-15,1,0.24380605
Jane,1996-08-05,1,0.41139394
Journey,1978-01-27,1,0.22168178
Elaina,1961-10-24,1,0.39516249
Miriam,1943-09-27,1,0.92101379
Briella,1988-03-13,1,0.29502923
Stephanie,1969-02-11,1,0.68569603
Cali,1987-10-05,1,0.95193774
Ember,1954-03-23,1,0.82912043
Lilliana,1948-09-03,1,0.068240371
Aniyah,1945-04-21,1,0.7522706
Kamila,1945-10-16,1,0.2994413
Brynn,1988-07-10,1,0.17746183
Ariella,1965-06-19,1,0.95239526
Makenzie,1980-03-07,1,0.88483465
Annie,1986-08-20,1,0.5533391
Mariana,1962-05-23,1,0.23543108
Kali,1981-11-25,1,0.1745931
Haven,1948-02-21,1,0.64136269
Elsie,1996-09-30,1,0.17034297
Nyla,1947-05-01,1,0.54779686
Paris,1944-02-16,1,0.87674858
Lena,1944-07-20,1,0.95725219
Freya,1989-09-08,1,0.29172193
Adelynn,1998-02-13,1,0.46027808
Camilla,1948-03-13,1,0.32918876
Jennifer,1949-07-28,1,0.090003048
Paislee,1992-09-08,1,0.22241634
Talia,1995-09-13,1,0.21879184
Alessandra,1962-03-04,1,0.5257501
Juniper,1970-01-07,1,0.6317338
Fatima,1977-10-22,1,0.87139214
Raelyn,1944-01-25,1,0.77696674
Amira,1994-01-30,1,0.32766047
Arielle,1995-01-02,1,0.2920535
Phoebe,1986-11-11,1,0.36382708
Kinley,1968-02-04,1,0.26745985
Ada,1964-10-03,1,0.58581535
Nina,1975-04-18,1,0.79364908
Ariah,1986-11-03,1,0.35100894
Samara,1998-03-07,1,0.83196555
Myla,1952-11-24,1,0.45351918
Brinley,1977-10-29,1,0.87395068
Cassidy,1944-11-10,1,0.36113781
Maci,1953-02-24,1,0.10252848
Aspen,1941-11-07,1,0.25594334
Allie,1970-04-30,1,0.81807701
Keira,1946-01-25,1,0.59761999
Kaia,1964-09-25,1,0.67038412
Makenna,1977-03-05,1,0.094182182
Amanda,1961-08-22,1,0.86632259
Heaven,1967-08-20,1,0.040989287
Joy,1981-05-07,1,0.16877335
Lia,1980-11-16,1,0.50716271
Madilyn,1950-06-15,1,0.85063121
Gracelyn,1998-05-13,1,0.83157302
Laura,1988-04-21,1,0.80568213
Evelynn,1985-11-22,1,0.1327783
Lexi,1947-06-09,1,0.49034009
Haley,1945-04-25,1,0.54914668
Miranda,1987-04-27,1,0.98386
Kaitlyn,1999-07-25,1,0.74472915
Daniella,1981-04-26,1,0.22592193
Felicity,1963-08-08,1,0.1505398
Jacqueline,1998-07-24,1,0.34572316
Evie,1954-03-05,1,0.30216066
Danielle,1976-08-03,1,0.5459236
Ainsley,1981-02-11,1,0.6798198
Kiara,1946-02-18,1,0.059978882
Millie,1974-11-22,1,0.041998707
Maddison,1960-08-29,1,0.98895585
Rylie,1983-09-19,1,0.80198838
Alicia,1975-02-17,1,0.64161518
Maeve,1977-08-22,1,0.038115891
Margot,1972-05-26,1,0.19284692
Kylee,1944-08-10,1,0.52436015
Heidi,1985-07-15,1,0.73736352
Zuri,1950-02-11,1,0.05976118
Alondra,1997-09-15,1,0.045962799
Lana,1997-07-17,1,0.86900156
Madeleine,1952-06-07,1,0.22261456
Gracelynn,1955-02-13,1,0.26840752
Kenzie,1984-11-15,1,0.64473481
Miracle,1973-03-21,1,0.58532949
Shelby,1942-03-10,1,0.60188417
Elle,1972-06-29,1,0.88501827
Adrianna,1998-06-29,1,0.40030724
Bianca,1952-04-28,1,0.96241145
Addilyn,1978-11-19,1,0.23222588
Kira,1961-09-30,1,0.23069983
Veronica,1984-06-25,1,0.47215101
Gwendolyn,1977-06-13,1,0.87459468
Esmeralda,1998-05-15,1,0.56366823
Chelsea,1960-08-13,1,0.90945736
Alison,1941-03-07,1,0.60891818
Magnolia,1975-07-27,1,0.46345463
Daphne,1997-08-02,1,0.42225168
Jenna,1975-11-16,1,0.86697269
Everleigh,1985-10-03,1,0.86568443
Kyla,1978-01-10,1,0.017269649
Braelynn,1964-07-22,1,0.79286954
Harlow,1999-05-22,1,0.46310638
Annalise,1941-10-01,1,0.021623998
Mikayla,1972-03-19,1,0.14283113
Dahlia,1951-06-14,1,0.35796812
Maliyah,1982-02-22,1,0.83859892
Averie,1949-08-05,1,0.1312543
Scarlet,1954-11-21,1,0.54507141
Kayleigh,1976-07-20,1,0.24863249
Luciana,1999-05-28,1,0.33859589
Kelsey,1994-03-12,1,0.13316545
Nadia,1962-07-22,1,0.65610042
Amber,1987-07-05,1,0.63838712
Gia,1979-09-16,1,0.71513638
Yaretzi,1959-07-14,1,0.32229308
Carmen,1943-01-18,1,0.88937646
Jimena,1970-03-15,1,0.098253593
Erin,1970-11-06,1,0.11002463
Christina,1997-07-25,1,0.76487256
Katie,1966-06-10,1,0.58342487
Viviana,1968-11-17,1,0.59781105
Alexia,1945-03-29,1,0.94211425
Anaya,1974-05-11,1,0.10905994
Serena,1952-03-14,1,0.5007707
Katelyn,1965-07-19,1,0.61978116
Ophelia,1956-05-22,1,0.7143743
Regina,1957-08-24,1,0.53444809
Helen,1966-09-23,1,0.78086041
Camryn,1955-07-10,1,0.12560819
Cadence,1989-04-24,1,0.19406887
Royalty,1997-02-21,1,0.65832993
Kathryn,1978-06-20,1,0.33808475
Skye,1975-11-19,1,0.51987196
Emely,1953-06-14,1,0.77016523
Jada,1965-08-26,1,0.025522989
Ariyah,1976-06-20,1,0.96601148
Aylin,1947-06-21,1,0.86088801
Saylor,1970-10-05,1,0.56786517
Kendra,1951-02-27,1,0.82707039
Cheyenne,1956-09-02,1,0.84869258
Fernanda,1948-03-22,1,0.11718165
Sabrina,1993-07-29,1,0.21728683
Francesca,1979-09-14,1,0.75929278
Eve,1948-07-28,1,0.18145267
Mckinley,1974-09-26,1,0.16492692
Frances,1952-11-30,1,0.79975304
Sarai,1994-04-03,1,0.86057635
Carolina,1958-08-26,1,0.086214019
Kennedi,1950-11-24,1,0.95652767
Nylah,1977-07-25,1,0.97903355
Alani,1972-06-07,1,0.29590063
Raven,1984-05-10,1,0.30504214
Zariah,1961-06-09,1,0.60480546
Leslie,1990-03-01,1,0.15474501
Winter,1991-10-18,1,0.41065692
Abby,1989-10-07,1,0.8130345
Mabel,1984-10-11,1,0.52013488
Sierra,1970-07-14,1,0.91231157
April,1979-06-24,1,0.052447645
Willa,1962-01-11,1,0.33943858
Carly,1961-01-17,1,0.96469924
Jolene,1987-10-26,1,0.13119795
Rosemary,1984-06-27,1,0.92043324
Aviana,1994-07-22,1,0.65090193
Madelynn,1952-11-18,1,0.17585524
Selah,1977-11-10,1,0.59611948
Renata,1952-09-07,1,0.16536732
Lorelei,1989-05-24,1,0.49675665
Briana,1976-07-18,1,0.61102976
Celeste,1946-10-13,1,0.31148073
Wren,1952-03-25,1,0.66176684
Charleigh,1944-03-04,1,0.29953319
Annabella,1972-02-10,1,0.50839454
Jayleen,1949-04-29,1,0.6923322
Braelyn,1999-10-25,1,0.035542789
Ashlyn,1959-07-24,1,0.20388028
Jazlyn,1968-05-26,1,0.1828252
Mira,1957-09-11,1,0.67868349
Malaysia,1979-10-11,1,0.49613492
Edith,1977-10-06,1,0.8109516
Avianna,1945-03-03,1,0.66940951
Maryam,1988-04-24,1,0.52483172
Emmalyn,1960-04-07,1,0.76896663
Hattie,1981-08-02,1,0.83665497
Kensley,1994-11-18,1,0.43301426
Macie,1981-11-03,1,0.89754688
Bristol,1989-06-30,1,0.2340958
Marlee,1943-05-21,1,0.72961174
Demi,1964-11-26,1,0.68773968
Cataleya,1940-07-29,1,0.08880509
Maia,1973-03-05,1,0.65521892
Sylvia,1952-10-02,1,0.15414345
Itzel,1986-09-07,1,0.79104785
Allyson,1958-02-19,1,0.66110832
Lilith,1989-02-27,1,0.91688435
Melany,1964-09-20,1,0.49499047
Kaydence,1980-04-03,1,0.88550815
Holly,1991-04-13,1,0.93290285
Nayeli,1960-04-02,1,0.58838022
Meredith,1949-06-15,1,0.95690166
Nia,1979-07-05,1,0.57134303
Liana,1977-04-21,1,0.33859441
Megan,1988-01-13,1,0.14032709
Bethany,1973-11-15,1,0.89565822
Alejandra,1963-08-11,1,0.21203123
Janelle,1957-04-23,1,0.31157176
Elisa,1968-07-20,1,0.8033325
Adelina,1942-07-16,1,0.30936693
Ashlynn,1950-01-08,1,0.80349909
Elianna,1965-07-11,1,0.12799982
Aleah,1975-11-25,1,0.06111862
Myra,1971-11-19,1,0.3893908
Lainey,1969-02-21,1,0.39435883
Blair,1994-08-29,1,0.96423683
Kassidy,1966-07-11,1,0.74670106
Charley,1988-04-26,1,0.71591276
Virginia,1994-06-28,1,0.98991652
Kara,1978-09-11,1,0.031866751
Helena,1980-03-25,1,0.41487512
Sasha,1957-01-01,1,0.69086812
Julie,1958-10-09,1,0.050535719
Michaela,1966-02-03,1,0.10861179
Matilda,1944-07-30,1,0.35537308
Kehlani,1971-05-09,1,0.36410218
Henley,1982-01-23,1,0.82127776
Maisie,1950-11-07,1,0.85964489
Hallie,1978-05-05,1,0.14264765
Jazmin,1987-09-30,1,0.78616762
Priscilla,1961-09-14,1,0.98566704
Marilyn,1964-11-06,1,0.53494637
Cecelia,1986-02-23,1,0.52729822
Danna,1975-01-10,1,0.34249289
Colette,1989-02-20,1,0.83566327
Baylee,1984-05-27,1,0.18971243
Ivanna,1973-07-17,1,0.69599471
Celine,1979-02-22,1,0.55974658
Alayah,1949-01-19,1,0.099906549
Hanna,1949-04-08,1,0.29742709
Imani,1944-11-05,1,0.71448156
Angelica,1943-01-25,1,0.9003965
Emelia,1985-08-22,1,0.8439402
Kalani,1956-05-11,1,0.47938272
Alanna,1972-04-27,1,0.36582808
Lorelai,1963-06-17,1,0.82791342
Macy,1979-02-24,1,0.91456528
Karina,1951-01-18,1,0.81257309
Addyson,1993-11-01,1,0.45099139
Aleena,1942-02-05,1,0.14469394
Aisha,1964-08-17,1,0.865389
Johanna,1942-11-07,1,0.8309242
Mallory,1988-09-14,1,0.76060312
Leona,1969-07-03,1,0.53748215
Mariam,1960-09-26,1,0.60898203
Kynlee,1980-05-19,1,0.85312283
Madilynn,1986-09-17,1,0.38180966
Karen,1974-10-28,1,0.6594098
Karla,1941-07-30,1,0.56040525
Skyla,1955-11-14,1,0.4823903
Beatrice,1982-07-09,1,0.90333932
Dayana,1951-10-22,1,0.18271467
Gloria,1961-06-19,1,0.072352053
Milani,1974-05-03,1,0.64676568
Savanna,1998-09-12,1,0.81501601
Karsyn,1978-01-17,1,0.65884706
Giuliana,1963-07-04,1,0.79079082
Lauryn,1954-11-24,1,0.5839529
Liberty,1945-07-12,1,0.12338176
Galilea,1942-05-18,1,0.77464395
Aubrie,1952-10-09,1,0.41548958
Charli,1957-09-19,1,0.37797416
Kyleigh,1999-04-28,1,0.21830038
Brylee,1958-06-14,1,0.44568377
Jillian,1973-01-23,1,0.52078245
Anne,1973-09-13,1,0.86282944
Haylee,1969-04-09,1,0.41515529
Azalea,1948-08-12,1,0.83088054
Jayda,1947-03-29,1,0.052281486
Tiffany,1990-08-25,1,0.65486627
Avah,1998-08-19,1,0.88990786
Bailee,1979-04-04,1,0.68496579
Jazmine,1953-07-27,1,0.62969553
Esme,1996-07-03,1,0.19472287
Coraline,1976-08-30,1,0.78590081
Madisyn,1956-02-18,1,0.4021203
Elaine,1963-05-10,1,0.3288786
Lilian,1943-08-20,1,0.6921626
Kyra,1949-03-15,1,0.74323837
Kaliyah,1966-11-30,1,0.92000848
Kora,1966-03-15,1,0.32330553
Octavia,1974-05-16,1,0.84541555
Irene,1988-04-27,1,0.56177875
Kelly,1990-06-22,1,0.67482024
Lacey,1942-06-29,1,0.061427887
Laurel,1942-02-06,1,0.5662263
Adley,1988-03-17,1,0.6554659
Anika,1989-06-13,1,0.16467567
Janiyah,1999-09-15,1,0.53759249
Dorothy,1970-08-09,1,0.51084619
Julieta,1980-08-27,1,0.33226658
Kimber,1951-01-27,1,0.93402459
Cassandra,1952-07-04,1,0.41331254
Rebekah,1999-07-15,1,0.72201805
Collins,1977-10-05,1,0.33468409
Emmy,1953-08-04,1,0.22985427
Sloan,1992-10-02,1,0.9645566
Hayley,1942-07-03,1,0.63290919
Amalia,1945-10-01,1,0.20156147
Jemma,1948-04-05,1,0.53170937
Melina,1975-07-09,1,0.1466333
Leyla,1985-01-04,1,0.55832354
Jaylah,1948-07-06,1,0.97150305
Anahi,1962-08-30,1,0.83071726
Jaliyah,1944-01-29,1,0.22973654
Kailani,1984-07-21,1,0.14484441
Harlee,1971-05-10,1,0.11241889
Wynter,1964-07-20,1,0.35680083
Saige,1995-11-28,1,0.69689402
Alessia,1980-04-16,1,0.019896443
Monica,1946-04-07,1,0.56106051
Anya,1983-07-04,1,0.45385689
Antonella,1998-01-26,1,0.69730707
Emberly,1942-04-25,1,0.66334436
Khaleesi,1959-03-19,1,0.97199449
Ivory,1957-02-02,1,0.71992088
Greta,1963-09-01,1,0.077621616
Maren,1963-10-20,1,0.75219963
Alena,1992-08-08,1,0.45971346
Alaia,1972-03-11,1,0.30510894
Cynthia,1960-11-01,1,0.85074265
Addisyn,1950-02-08,1,0.81964496
Alia,1982-04-10,1,0.14001758
Lylah,1968-04-09,1,0.03989851
Angie,1988-10-09,1,0.47478486
Ariya,1980-08-15,1,0.74984519
Alma,1982-04-22,1,0.36290551
Crystal,1959-07-07,1,0.21064077
Jayde,1942-04-16,1,0.08686511
Aileen,1978-07-16,1,0.89396429
Kinslee,1954-06-22,1,0.80165433
Siena,1961-04-16,1,0.99735605
Zelda,1983-08-01,1,0.03133158
Katalina,1940-04-19,1,0.31662191
Marie,1975-05-19,1,0.7888901
Pearl,1941-03-21,1,0.041584482
Reyna,1975-07-24,1,0.731032
Mae,1996-09-12,1,0.11783513
Zahra,1985-01-28,1,0.89861195
Kailey,1981-07-22,1,0.16029385
Tiana,1979-08-15,1,0.5084029
Amirah,1989-07-12,1,0.36509151
Madalyn,1945-07-02,1,0.25154193
Alaya,1944-05-21,1,0.2155483
Lilyana,1974-11-27,1,0.13031131
Julissa,1946-04-02,1,0.76920289
Lillie,1951-06-03,1,0.46153816
Jolie,1989-01-28,1,0.37403604
Laney,1952-10-08,1,0.089734858
Roselyn,1981-01-15,1,0.42977573
Mara,1987-11-24,1,0.23256354
Joelle,1969-09-02,1,0.84078193
Rosa,1987-10-22,1,0.064579449
Kaylani,1970-08-17,1,0.34471545
Bridget,1984-08-16,1,0.31546981
Liv,1992-08-07,1,0.16274514
Oaklyn,1945-06-26,1,0.65234087
Aurelia,1941-01-16,1,0.23853867
Clarissa,1988-03-19,1,0.0012745218
Elyse,1973-09-04,1,0.12792426
Marissa,1955-06-25,1,0.7386148
Monroe,1992-09-11,1,0.28137938
Kori,1983-10-16,1,0.87718236
Elsa,1981-10-01,1,0.68863332
Rosie,1953-01-16,1,0.51228903
Amelie,1952-08-19,1,0.22004224
Aitana,1987-10-30,1,0.48624049
Aliza,1984-06-19,1,0.77713547
Eileen,1996-02-19,1,0.9074725
Poppy,1964-10-30,1,0.31493293
Emmie,1996-05-05,1,0.29203662
Braylee,1940-05-25,1,0.44893893
Milana,1985-03-28,1,0.75724118
Addilynn,1985-10-10,1,0.4382928
Chaya,1949-07-11,1,0.41047916
Frida,1950-02-21,1,0.4200319
Bonnie,1979-08-14,1,0.40027878
Amora,1981-10-24,1,0.80051573
Stevie,1967-01-30,1,0.66036468
Tatiana,1968-01-22,1,0.44456854
Malaya,1974-07-22,1,0.52224497
Mina,1941-05-27,1,0.23359029
Emerie,1992-09-04,1,0.9875868
Zaylee,1972-04-02,1,0.48316068
Annika,1981-07-17,1,0.78012298
Kenia,1960-11-09,1,0.82489594
Linda,1999-01-06,1,0.41301117
Kenna,1962-02-23,1,0.27364017
Faye,1949-04-02,1,0.62111585
Reina,1944-05-15,1,0.70420372
Brittany,1976-03-25,1,0.69874934
Marina,1965-08-07,1,0.68014635
Astrid,1997-02-12,1,0.34996945
Kadence,1952-08-30,1,0.30932376
Mikaela,1983-07-14,1,0.069643493
Jaelyn,1986-11-21,1,0.82958686
Kaylie,1946-04-05,1,0.99291122
Teresa,1989-03-28,1,0.057120045
Bria,1981-07-29,1,0.87502669
Hadassah,1967-01-09,1,0.64998916
Lilianna,1940-01-06,1,0.72641437
Guadalupe,1949-08-12,1,0.20414824
Rayna,1945-06-05,1,0.28511436
Chanel,1972-05-22,1,0.038770539
Lyra,1945-05-09,1,0.043487628
Noa,1989-05-25,1,0.59153401
Zariyah,1996-10-29,1,0.46103654
Laylah,1975-11-16,1,0.15990337
Aubrielle,1956-06-03,1,0.87727106
Aniya,1969-10-25,1,0.9010444
Livia,1993-09-26,1,0.88961267
Ellen,1991-04-14,1,0.23867091
Meadow,1950-10-29,1,0.51994372
Amiya,1963-01-28,1,0.17720977
Elora,1993-03-18,1,0.95455408
Princess,1980-11-14,1,0.51675703
Leanna,1944-01-16,1,0.29668745
Nathalie,1984-03-26,1,0.31406907
Clementine,1962-03-08,1,0.76178351
Nola,1993-07-27,1,0.33646232
Tenley,1962-06-30,1,0.036523113
Simone,1944-08-28,1,0.94169883
Lina,1965-11-20,1,0.47829473
Marianna,1998-10-08,1,0.41371777
Martha,1944-08-21,1,0.77511056
Sariah,1941-02-27,1,0.18374476
Louisa,1998-01-08,1,0.31743941
Noemi,1952-11-19,1,0.98153699
Emmeline,1991-11-30,1,0.13848556
Kenley,1962-02-25,1,0.36425806
Belen,1965-09-20,1,0.3661348
Erika,1961-11-22,1,0.70789389
Myah,1955-01-28,1,0.070735312
Lara,1968-01-12,1,0.28908118
Amani,1996-05-23,1,0.091971376
Ansley,1977-09-07,1,0.41751922
Everlee,1979-03-06,1,0.95736988
Maleah,1967-08-22,1,0.91513346
Salma,1982-06-10,1,0.73427451
Jaelynn,1975-03-10,1,0.12244876
Kiera,1946-09-15,1,0.13131981
Dulce,1944-01-25,1,0.87776425
Nala,1991-02-09,1,0.046559135
Natasha,1962-10-25,1,0.0027302362
Averi,1987-03-18,1,0.9766467
Mercy,1989-09-17,1,0.70236986
Penny,1987-03-17,1,0.03767826
Ariadne,1941-10-10,1,0.012943616
Deborah,1980-07-08,1,0.99330374
Elisabeth,1964-02-28,1,0.94820022
Zaria,1940-08-11,1,0.35961557
Hana,1946-09-05,1,0.5531117
Kairi,1954-05-06,1,0.37139631
Yareli,1998-10-18,1,0.52454
Raina,1997-07-13,1,0.86975671
Ryann,1957-05-10,1,0.21195899
Lexie,1974-01-29,1,0.13890227
Thalia,1948-11-23,1,0.84489337
Annabel,1969-03-23,1,0.37286707
Christine,1994-06-05,1,0.80425551
Estella,1986-01-01,1,0.029792314
Keyla,1951-11-07,1,0.70067881
Adele,1961-02-16,1,0.85515524
Aya,1974-01-14,1,0.12899373
Estelle,1986-11-13,1,0.12718437
Tori,1941-02-21,1,0.79423756
Perla,1968-03-04,1,0.33764272
Lailah,1945-02-15,1,0.27357113
Miah,1945-07-14,1,0.40442504
Angelique,1983-01-18,1,0.016416182
Avalynn,1975-11-28,1,0.15625801
Romina,1966-07-01,1,0.20873686
Jaycee,1942-05-13,1,0.4249196
Jaylene,1986-11-26,1,0.89638216
Louise,1990-01-12,1,0.89275863
Mavis,1956-06-27,1,0.25735069
Scarlette,1956-04-30,1,0.5850379
Belle,1947-01-10,1,0.47192706
Lea,1969-11-19,1,0.89146012
Nalani,1995-11-16,1,0.57947563
Rivka,1965-05-04,1,0.66059693
Ayleen,1972-03-14,1,0.56126952
Calliope,1971-05-14,1,0.61659225
Dalary,1942-11-25,1,0.15007945
Zaniyah,1973-07-26,1,0.28280081
Kaelyn,1980-11-15,1,0.77910676
Sky,1955-02-07,1,0.68046302
Jewel,1941-05-22,1,0.0042208436
Joselyn,1948-02-02,1,0.15852152
Madalynn,1988-02-29,1,0.077413279
Paola,1942-06-08,1,0.019071538
Giovanna,1979-10-30,1,0.99703593
Isabela,1997-06-11,1,0.75965303
Karlee,1941-07-02,1,0.33081975
Aubriella,1963-06-30,1,0.057894638
Tinley,1999-07-01,1,0.38821718
Dream,1949-03-24,1,0.20729378
Claudia,1949-04-14,1,0.31471794
Corinne,1977-08-21,1,0.14364043
Erica,1950-09-01,1,0.011142156
Milena,1985-11-08,1,0.82724752
Aliana,1945-01-09,1,0.040096686
Kallie,1965-01-08,1,0.85595259
Alyson,1995-03-09,1,0.30970674
Joyce,1994-07-06,1,0.44465541
Tinsley,1966-04-05,1,0.382651
Whitney,1946-01-23,1,0.29608412
Emilee,1947-08-16,1,0.3238552
Paisleigh,1947-02-11,1,0.62318356
Carolyn,1988-10-30,1,0.3214088
Jaylee,1983-06-12,1,0.02333968
Zoie,1968-03-03,1,0.63404844
Andi,1986-07-15,1,0.49876054
Judith,1946-10-02,1,0.30702518
Paula,1991-02-23,1,0.3662562
Xiomara,1989-07-19,1,0.83387729
Aiyana,1979-06-26,1,0.58866215
Amia,1967-08-14,1,0.73426778
Analia,1986-01-07,1,0.44568592
Audrina,1991-01-29,1,0.90049378
Hadlee,1982-06-23,1,0.46561699
Rayne,1966-11-05,1,0.70211586
Amayah,1970-10-27,1,0.80569753
Cara,1955-06-17,1,0.84553922
Celia,1966-08-07,1,0.63892739
Lyanna,1983-04-28,1,0.7136159
Opal,1965-02-28,1,0.2990958
Amaris,1940-06-20,1,0.71771174
Clare,1969-03-07,1,0.57403176
Gwen,1990-11-25,1,0.79093783
Giana,1980-01-25,1,0.016050169
Veda,1959-05-21,1,0.373071
Alisha,1974-08-26,1,0.5955814
Davina,1974-03-02,1,0.60932699
Rhea,1953-09-17,1,0.061736422
Sariyah,1951-02-12,1,0.8432967
Noor,1995-05-28,1,0.94690537
Danica,1995-07-03,1,0.43933662
Kathleen,1985-05-29,1,0.73122059
Lillianna,1951-06-26,1,0.86800534
Lindsey,1978-06-19,1,0.98958205
Maxine,1961-04-18,1,0.94289459
Paulina,1962-04-16,1,0.50881454
Hailee,1986-04-26,1,0.47218014
Harleigh,1953-01-24,1,0.80329563
Nancy,1964-10-28,1,0.27870251
Jessa,1951-10-17,1,0.42121537
Raquel,1956-08-02,1,0.53003543
Raylee,1994-03-20,1,0.68590791
Zainab,1998-05-10,1,0.75638052
Chana,1985-01-06,1,0.028168363
Lisa,1961-04-23,1,0.14674798
Heavenly,1988-08-04,1,0.33168308
Oaklynn,1973-09-09,1,0.96808939
Aminah,1940-04-17,1,0.26553071
Emmalynn,1964-06-13,1,0.95093361
Patricia,1991-10-10,1,0.38261882
India,1979-04-16,1,0.94188097
Janessa,1964-09-02,1,0.48629087
Paloma,1965-03-11,1,0.064686103
Ramona,1966-05-10,1,0.27745219
Sandra,1960-10-06,1,0.50499426
Abril,1953-06-17,1,0.8244419
Emmaline,1990-07-11,1,0.07672002
Itzayana,1943-08-28,1,0.40030596
Kassandra,1982-09-10,1,0.70134603
Vienna,1940-08-24,1,0.59193807
Marleigh,1967-01-08,1,0.029558105
Kailyn,1984-09-07,1,0.26836553
Novalee,1992-05-11,1,0.95104077
Rosalyn,1994-06-19,1,0.23387486
Hadleigh,1964-11-11,1,0.23021226
Luella,1975-08-09,1,0.28960606
Taliyah,1965-10-15,1,0.020261678
Avalyn,1983-10-28,1,0.84765624
Barbara,1975-03-14,1,0.53935047
Iliana,1940-07-26,1,0.31505059
Jana,1991-08-23,1,0.969731
Meilani,1994-09-06,1,0.96077281
Aadhya,1943-09-27,1,0.050768297
Alannah,1952-01-16,1,0.57275346
Blaire,1960-06-03,1,0.41258269
Brenda,1957-06-21,1,0.51208125
Selene,1942-09-07,1,0.20902427
Lizbeth,1982-03-12,1,0.72428451
Adrienne,1962-10-25,1,0.060954928
Annalee,1981-09-28,1,0.989167
Malani,1996-02-26,1,0.89331587
Aliya,1993-02-19,1,0.17608206
Miley,1994-11-11,1,0.30409239
Nataly,1945-10-07,1,0.54683844
Bexley,1950-08-21,1,0.12650409
Joslyn,1974-07-30,1,0.65628968
Maliah,1944-09-06,1,0.17689233
Breanna,1996-01-22,1,0.15088053
Melania,1956-10-12,1,0.15105691
Estrella,1996-11-25,1,0.58110309
Ingrid,1974-07-29,1,0.22222835
Kaya,1946-08-06,1,0.77670141
Kaylin,1976-06-11,1,0.24089922
Harmoni,1941-05-10,1,0.32709497
Arely,1962-10-26,1,0.72891525
Jazlynn,1943-06-13,1,0.4498954
Kiana,1987-06-10,1,0.13369568
Dana,1964-03-21,1,0.88932036
Mylah,1960-04-09,1,0.13709009
Oaklee,1948-05-17,1,0.58800813
Ailani,1968-06-13,1,0.75509997
Kailee,1998-11-28,1,0.65004608
Legacy,1978-10-27,1,0.61953486
Marjorie,1957-07-24,1,0.32101296
Paityn,1942-06-14,1,0.78413627
Courtney,1984-01-02,1,0.32555397
Ellianna,1951-08-12,1,0.21545761
Jurnee,1964-08-30,1,0.59507006
Karlie,1985-08-11,1,0.30570231
Evalyn,1984-04-25,1,0.85390666
Holland,1959-10-14,1,0.7994171
Kenya,1949-08-18,1,0.059583522
Magdalena,1975-07-07,1,0.020003829
Carla,1949-01-05,1,0.97962142
Halle,1972-02-15,1,0.3556359
Aryanna,1981-01-06,1,0.87429684
Kaiya,1988-10-13,1,0.86795173
Kimora,1962-08-23,1,0.20374859
Naya,1944-11-18,1,0.059272801
Saoirse,1970-09-16,1,0.62511658
Susan,1950-03-28,1,0.086769445
Desiree,1987-11-13,1,0.19368412
Ensley,1990-07-02,1,0.97704546
Renee,1996-09-15,1,0.025750421
Esperanza,1973-03-21,1,0.41732157
Treasure,1961-08-26,1,0.72758465
Caylee,1959-10-09,1,0.57265295
Ellison,1967-09-15,1,0.90569236
Kristina,1952-05-09,1,0.43739583
Adilynn,1974-05-17,1,0.45500438
Anabelle,1998-06-12,1,0.26887303
Egypt,1983-02-27,1,0.87973945
Tegan,1978-06-27,1,0.92901634
Aranza,1964-02-10,1,0.95256432
Vada,1982-09-06,1,0.36316886
Emerald,1981-02-16,1,0.26620849
Florence,1974-11-13,1,0.15501369
Marlowe,1974-10-04,1,0.51954251
Sonia,1958-03-21,1,0.062642252
Sunny,1948-04-24,1,0.16866229
Tara,1948-10-20,1,0.45707161
Riya,1997-08-14,1,0.49990099
Yara,1973-11-06,1,0.42135639
Alisa,1995-04-22,1,0.54009121
Nathalia,1945-08-10,1,0.45011836
Yamileth,1946-06-04,1,0.65144465
Saanvi,1996-01-18,1,0.24386939
Samira,1979-11-02,1,0.44195994
Sylvie,1942-10-25,1,0.573396
Brenna,1944-01-06,1,0.61658333
Carlee,1974-05-28,1,0.51362162
Jenny,1987-08-14,1,0.45345976
Miya,1993-05-21,1,0.98940333
Monserrat,1990-06-28,1,0.013583412
Zendaya,1949-07-21,1,0.60174849
Alora,1962-04-23,1,0.52570409